ID,Name,Begin date,End date,Duration,Completion,Cost,Coordinator,Predecessors,Outline number,Resources,Assignments,Task color,Web Link,Notes,Project
1,"Logins",2/05/22,9/05/22,6,0.0,10000,,,1,Stu;Mark,1:80;2:90,,,,01 Webserver
2,"Security",10/05/22,17/05/22,6,0.0,2500,,,2,Sarah C,3:90,,,,01 Webserver
3,"Home page",10/05/22,1/06/22,17,0.0,7500,,,3,Mark,2:90,,,,01 Webserver
4,"Management Component",2/06/22,7/06/22,4,0.0,5000,,,4,Sarah C;Stu,3:90;1:80,,,,01 Webserver
5,"Release Milestone",2/05/22,2/05/22,0,0.0,0,,,5,,,,,,02 Android App
6,"Update App to Android 17",2/05/22,5/05/22,4,0.0,15000,,,6,Stephen;Blair;Carly,4:80;5:100;6:100,,,,02 Android App
7,"Port from Android",5/05/22,26/05/22,16,0.0,7500,,,7,Blair,5:100,,,,03 iPhone App
8,"Write whole desktop client",6/05/22,7/06/22,23,0.0,11000,,,8,Carly,6:100,,,,04 Desktop Client
9,"Build a gorgeous sculpture",26/05/22,3/06/22,7,0.0,18000,,,9,Stephen;Blair;Carly,4:80;5:100;6:0,,,,05 Concrete Sculpture


ID,Name,Default role,e-mail,Phone,Standard rate,Total cost,Total load
1,Stu,Default:0,,,0,0,1.0
2,Mark,Default:0,,,0,0,1.0
3,Sarah C,Default:0,,,0,0,1.0
4,Stephen,Default:0,,,0,0,1.0
5,Blair,Default:0,,,0,0,1.0
6,Carly,Default:0,,,0,0,1.0
7,Fred,Default:0,,,0,0,1.0
8,Sarah K,Default:0,,,0,0,1.0
9,Greg,Default:0,,,0,0,1.0
